msg_id,app_protocol,src_app,dst_app,message,timestamp,src_port,dst_port
1,HTTP,client_browser,web_server,POST /products,0.016,32788,80
2,HTTP,client_browser,web_server,POST /images/logo.png,0.032,9487,80
3,HTTP,client_browser,web_server,POST /index.html,0.124,54303,80
4,HTTP,client_browser,web_server,GET /index.html,0.184,41297,80
5,HTTP,client_browser,web_server,DELETE /login,0.33099999999999996,61846,80
6,HTTP,client_browser,web_server,DELETE /products,0.5229999999999999,42564,80
7,HTTP,client_browser,web_server,POST /index.html,0.5439999999999999,35045,80
8,HTTP,client_browser,web_server,DELETE /products,0.6819999999999999,38594,80
9,HTTP,client_browser,web_server,DELETE /about,0.717,44827,80
10,HTTP,client_browser,web_server,GET /about,0.782,44738,80
11,HTTP,client_browser,web_server,POST /images/logo.png,0.912,60941,80
12,HTTP,client_browser,web_server,POST /contact,0.994,6479,80
13,HTTP,client_browser,web_server,GET /cart,1.174,40480,80
14,HTTP,client_browser,web_server,DELETE /contact,1.2389999999999999,14948,80
15,HTTP,client_browser,web_server,GET /index.html,1.4269999999999998,36965,80
16,HTTP,client_browser,web_server,POST /contact,1.4869999999999999,27067,80
17,HTTP,client_browser,web_server,POST /cart,1.4959999999999998,5061,80
18,HTTP,client_browser,web_server,POST /api/data,1.63,51669,80
19,HTTP,client_browser,web_server,PUT /cart,1.799,46805,80
20,HTTP,client_browser,web_server,PUT /contact,1.809,36572,80
21,HTTP,client_browser,web_server,GET /login,1.9629999999999999,33706,80
22,HTTP,client_browser,web_server,GET /about,2.121,30409,80
23,HTTP,client_browser,web_server,DELETE /contact,2.241,42774,80
24,HTTP,client_browser,web_server,GET /about,2.334,20997,80
25,HTTP,client_browser,web_server,GET /api/data,2.399,14113,80
26,HTTP,client_browser,web_server,GET /login,2.431,10076,80
27,HTTP,client_browser,web_server,PUT /cart,2.611,55887,80
28,HTTP,client_browser,web_server,GET /contact,2.6860000000000004,62257,80
29,HTTP,client_browser,web_server,GET /contact,2.8240000000000003,36961,80
30,HTTP,client_browser,web_server,DELETE /login,2.9600000000000004,7293,80
31,HTTP,client_browser,web_server,POST /contact,3.1470000000000002,16466,80
32,HTTP,client_browser,web_server,PUT /images/logo.png,3.2420000000000004,24199,80
33,HTTP,client_browser,web_server,DELETE /about,3.2770000000000006,14643,80
34,HTTP,client_browser,web_server,DELETE /login,3.4170000000000007,3258,80
35,HTTP,client_browser,web_server,PUT /products,3.537000000000001,32855,80
36,HTTP,client_browser,web_server,PUT /index.html,3.6560000000000006,31921,80
37,HTTP,client_browser,web_server,GET /about,3.6970000000000005,55971,80
38,HTTP,client_browser,web_server,POST /about,3.8760000000000003,33892,80
39,HTTP,client_browser,web_server,PUT /contact,4.051,55278,80
40,HTTP,client_browser,web_server,POST /images/logo.png,4.199,34994,80
41,HTTP,client_browser,web_server,POST /products,4.301,6281,80
42,HTTP,client_browser,web_server,POST /index.html,4.4110000000000005,41950,80
43,HTTP,client_browser,web_server,DELETE /api/data,4.5760000000000005,17667,80
44,HTTP,client_browser,web_server,DELETE /login,4.6690000000000005,51022,80
45,HTTP,client_browser,web_server,GET /index.html,4.745,54049,80
46,HTTP,client_browser,web_server,DELETE /api/data,4.806,44787,80
47,HTTP,client_browser,web_server,DELETE /login,4.815,32782,80
48,HTTP,client_browser,web_server,PUT /index.html,4.838,26602,80
49,HTTP,client_browser,web_server,PUT /images/logo.png,4.9350000000000005,6441,80
50,HTTP,client_browser,web_server,GET /contact,5.122000000000001,2124,80
51,HTTP,client_browser,web_server,DELETE /cart,5.162000000000001,6102,80
52,HTTP,client_browser,web_server,POST /index.html,5.349000000000001,47088,80
53,HTTP,client_browser,web_server,DELETE /contact,5.532000000000001,51881,80
54,HTTP,client_browser,web_server,PUT /about,5.627000000000001,51593,80
55,HTTP,client_browser,web_server,GET /index.html,5.824000000000001,35151,80
56,HTTP,client_browser,web_server,DELETE /images/logo.png,5.843000000000001,43734,80
57,HTTP,client_browser,web_server,POST /api/data,5.9510000000000005,15286,80
58,HTTP,client_browser,web_server,DELETE /about,6.034000000000001,10489,80
59,HTTP,client_browser,web_server,PUT /products,6.231000000000001,44271,80
60,HTTP,client_browser,web_server,DELETE /contact,6.384,49154,80
61,HTTP,client_browser,web_server,GET /products,6.446000000000001,47942,80
62,HTTP,client_browser,web_server,PUT /contact,6.511000000000001,22871,80
63,HTTP,client_browser,web_server,PUT /index.html,6.545000000000001,21624,80
64,HTTP,client_browser,web_server,GET /contact,6.6290000000000004,10468,80
65,HTTP,client_browser,web_server,POST /products,6.696000000000001,21184,80
66,HTTP,client_browser,web_server,PUT /cart,6.7,51526,80
67,HTTP,client_browser,web_server,POST /api/data,6.708,36138,80
68,HTTP,client_browser,web_server,DELETE /login,6.8790000000000004,55996,80
69,HTTP,client_browser,web_server,PUT /api/data,7.015000000000001,44785,80
70,HTTP,client_browser,web_server,POST /login,7.086,63145,80
71,HTTP,client_browser,web_server,GET /index.html,7.237,12937,80
72,HTTP,client_browser,web_server,GET /about,7.402,62675,80
73,HTTP,client_browser,web_server,DELETE /api/data,7.6000000000000005,50023,80
74,HTTP,client_browser,web_server,POST /login,7.658,52698,80
75,HTTP,client_browser,web_server,POST /login,7.812,56993,80
76,HTTP,client_browser,web_server,PUT /api/data,7.9670000000000005,31931,80
77,HTTP,client_browser,web_server,DELETE /login,8.058,26733,80
78,HTTP,client_browser,web_server,GET /api/data,8.129999999999999,4934,80
79,HTTP,client_browser,web_server,PUT /login,8.283999999999999,14082,80
80,HTTP,client_browser,web_server,PUT /login,8.473999999999998,26100,80
81,HTTP,client_browser,web_server,PUT /images/logo.png,8.560999999999998,44492,80
82,HTTP,client_browser,web_server,GET /images/logo.png,8.759999999999998,25303,80
83,HTTP,client_browser,web_server,POST /index.html,8.827999999999998,23140,80
84,HTTP,client_browser,web_server,DELETE /products,8.961999999999998,60933,80
85,HTTP,client_browser,web_server,DELETE /contact,9.067999999999998,9466,80
86,HTTP,client_browser,web_server,DELETE /products,9.223999999999998,6033,80
87,HTTP,client_browser,web_server,DELETE /images/logo.png,9.238999999999999,52754,80
88,HTTP,client_browser,web_server,GET /contact,9.402999999999999,50529,80
89,HTTP,client_browser,web_server,DELETE /contact,9.493999999999998,16993,80
90,HTTP,client_browser,web_server,DELETE /api/data,9.661999999999997,36339,80
91,HTTP,client_browser,web_server,PUT /images/logo.png,9.663999999999998,1630,80
92,HTTP,client_browser,web_server,POST /products,9.783999999999997,63445,80
93,HTTP,client_browser,web_server,DELETE /index.html,9.912999999999997,55916,80
94,HTTP,client_browser,web_server,GET /about,10.013999999999998,48997,80
95,HTTP,client_browser,web_server,POST /products,10.186999999999998,42047,80
96,HTTP,client_browser,web_server,PUT /api/data,10.261999999999997,61869,80
97,HTTP,client_browser,web_server,DELETE /contact,10.423999999999998,37495,80
98,HTTP,client_browser,web_server,DELETE /index.html,10.475999999999997,11956,80
99,HTTP,client_browser,web_server,POST /cart,10.609999999999998,50659,80
100,HTTP,client_browser,web_server,POST /about,10.735999999999997,16510,80
101,HTTP,client_browser,web_server,DELETE /index.html,10.893999999999997,53954,80
102,HTTP,client_browser,web_server,PUT /products,11.002999999999997,17743,80
103,HTTP,client_browser,web_server,DELETE /index.html,11.096999999999996,19076,80
104,HTTP,client_browser,web_server,DELETE /api/data,11.114999999999997,14675,80
105,HTTP,client_browser,web_server,POST /cart,11.204999999999997,13106,80
106,HTTP,client_browser,web_server,POST /index.html,11.402999999999997,15264,80
107,HTTP,client_browser,web_server,DELETE /cart,11.515999999999996,49853,80
108,HTTP,client_browser,web_server,GET /cart,11.648999999999997,54991,80
109,HTTP,client_browser,web_server,GET /api/data,11.769999999999998,34820,80
110,HTTP,client_browser,web_server,GET /images/logo.png,11.797999999999998,32934,80
111,HTTP,client_browser,web_server,GET /cart,11.847999999999999,61036,80
112,HTTP,client_browser,web_server,POST /about,12.026,43387,80
113,HTTP,client_browser,web_server,GET /products,12.039,25923,80
114,HTTP,client_browser,web_server,POST /cart,12.187999999999999,30352,80
115,HTTP,client_browser,web_server,PUT /about,12.261999999999999,53242,80
116,HTTP,client_browser,web_server,POST /products,12.349999999999998,16149,80
117,HTTP,client_browser,web_server,GET /products,12.539999999999997,42366,80
118,HTTP,client_browser,web_server,PUT /cart,12.682999999999998,15567,80
119,HTTP,client_browser,web_server,PUT /api/data,12.799999999999999,32321,80
120,HTTP,client_browser,web_server,POST /contact,12.951999999999998,49636,80
121,HTTP,client_browser,web_server,DELETE /index.html,12.991999999999997,39044,80
122,HTTP,client_browser,web_server,DELETE /api/data,13.002999999999997,11179,80
123,HTTP,client_browser,web_server,POST /products,13.127999999999997,48333,80
124,HTTP,client_browser,web_server,PUT /login,13.182999999999996,45730,80
125,HTTP,client_browser,web_server,PUT /images/logo.png,13.231999999999996,56606,80
126,HTTP,client_browser,web_server,GET /cart,13.403999999999996,25596,80
127,HTTP,client_browser,web_server,GET /index.html,13.404999999999996,25170,80
128,HTTP,client_browser,web_server,POST /login,13.556999999999995,50582,80
129,HTTP,client_browser,web_server,PUT /index.html,13.578999999999995,56898,80
130,HTTP,client_browser,web_server,PUT /index.html,13.633999999999995,1513,80
131,HTTP,client_browser,web_server,GET /about,13.796999999999995,16054,80
132,HTTP,client_browser,web_server,GET /contact,13.861999999999995,27504,80
133,HTTP,client_browser,web_server,DELETE /images/logo.png,13.867999999999995,38513,80
134,HTTP,client_browser,web_server,DELETE /images/logo.png,13.914999999999996,2415,80
135,HTTP,client_browser,web_server,POST /images/logo.png,14.065999999999995,59453,80
136,HTTP,client_browser,web_server,POST /cart,14.186999999999996,47435,80
137,HTTP,client_browser,web_server,DELETE /login,14.218999999999996,19769,80
138,HTTP,client_browser,web_server,POST /images/logo.png,14.302999999999995,37999,80
139,HTTP,client_browser,web_server,DELETE /about,14.311999999999996,35497,80
140,HTTP,client_browser,web_server,DELETE /index.html,14.386999999999995,51803,80
141,HTTP,client_browser,web_server,GET /cart,14.553999999999995,61310,80
142,HTTP,client_browser,web_server,POST /login,14.583999999999994,21260,80
143,HTTP,client_browser,web_server,PUT /contact,14.675999999999995,54302,80
144,HTTP,client_browser,web_server,DELETE /index.html,14.678999999999995,43722,80
145,HTTP,client_browser,web_server,DELETE /about,14.752999999999995,28949,80
146,HTTP,client_browser,web_server,DELETE /api/data,14.771999999999995,28347,80
147,HTTP,client_browser,web_server,POST /api/data,14.832999999999995,52541,80
148,HTTP,client_browser,web_server,PUT /cart,14.875999999999994,3833,80
149,HTTP,client_browser,web_server,PUT /about,14.988999999999994,57853,80
150,HTTP,client_browser,web_server,GET /products,15.164999999999994,57053,80
151,HTTP,client_browser,web_server,DELETE /cart,15.316999999999993,2270,80
152,HTTP,client_browser,web_server,GET /images/logo.png,15.328999999999994,34355,80
153,HTTP,client_browser,web_server,PUT /images/logo.png,15.416999999999993,64226,80
154,HTTP,client_browser,web_server,POST /cart,15.593999999999992,36645,80
155,HTTP,client_browser,web_server,GET /api/data,15.744999999999992,5858,80
156,HTTP,client_browser,web_server,GET /login,15.751999999999992,34878,80
157,HTTP,client_browser,web_server,PUT /api/data,15.825999999999992,26482,80
158,HTTP,client_browser,web_server,POST /products,15.949999999999992,65076,80
159,HTTP,client_browser,web_server,DELETE /login,16.019999999999992,53429,80
160,HTTP,client_browser,web_server,POST /cart,16.218999999999994,41710,80
161,HTTP,client_browser,web_server,POST /products,16.380999999999993,44272,80
162,HTTP,client_browser,web_server,PUT /about,16.551999999999992,24106,80
163,HTTP,client_browser,web_server,GET /cart,16.55399999999999,45444,80
164,HTTP,client_browser,web_server,POST /index.html,16.685999999999993,6774,80
165,HTTP,client_browser,web_server,GET /contact,16.757999999999992,30316,80
166,HTTP,client_browser,web_server,GET /api/data,16.917999999999992,50192,80
167,HTTP,client_browser,web_server,GET /products,17.026999999999994,28759,80
168,HTTP,client_browser,web_server,PUT /api/data,17.181999999999995,45281,80
169,HTTP,client_browser,web_server,POST /contact,17.203999999999994,52136,80
170,HTTP,client_browser,web_server,GET /contact,17.367999999999995,42274,80
171,HTTP,client_browser,web_server,GET /cart,17.421999999999993,11160,80
172,HTTP,client_browser,web_server,DELETE /index.html,17.501999999999992,44194,80
173,HTTP,client_browser,web_server,POST /contact,17.62899999999999,9634,80
174,HTTP,client_browser,web_server,POST /cart,17.78299999999999,10128,80
175,HTTP,client_browser,web_server,DELETE /index.html,17.83399999999999,55628,80
176,HTTP,client_browser,web_server,POST /api/data,17.99199999999999,15529,80
177,HTTP,client_browser,web_server,POST /images/logo.png,18.09299999999999,1443,80
178,HTTP,client_browser,web_server,POST /index.html,18.22699999999999,33304,80
179,HTTP,client_browser,web_server,PUT /api/data,18.33699999999999,20124,80
180,HTTP,client_browser,web_server,POST /login,18.33999999999999,54454,80
181,HTTP,client_browser,web_server,PUT /about,18.53799999999999,2925,80
182,HTTP,client_browser,web_server,GET /contact,18.67799999999999,15358,80
183,HTTP,client_browser,web_server,GET /contact,18.68799999999999,57497,80
184,HTTP,client_browser,web_server,PUT /contact,18.83199999999999,31379,80
185,HTTP,client_browser,web_server,GET /index.html,18.95199999999999,48316,80
186,HTTP,client_browser,web_server,POST /index.html,19.019999999999992,4652,80
187,HTTP,client_browser,web_server,GET /api/data,19.186999999999994,57085,80
188,HTTP,client_browser,web_server,GET /api/data,19.346999999999994,60493,80
189,HTTP,client_browser,web_server,PUT /images/logo.png,19.379999999999995,62363,80
190,HTTP,client_browser,web_server,POST /cart,19.463999999999995,13611,80
191,HTTP,client_browser,web_server,DELETE /products,19.611999999999995,47552,80
192,HTTP,client_browser,web_server,GET /login,19.683999999999994,33875,80
193,HTTP,client_browser,web_server,POST /index.html,19.835999999999995,18246,80
194,HTTP,client_browser,web_server,GET /images/logo.png,19.922999999999995,9129,80
195,HTTP,client_browser,web_server,POST /images/logo.png,19.938999999999993,42089,80
196,HTTP,client_browser,web_server,PUT /about,20.060999999999993,46664,80
197,HTTP,client_browser,web_server,GET /products,20.099999999999994,57693,80
198,HTTP,client_browser,web_server,GET /api/data,20.169999999999995,38698,80
199,HTTP,client_browser,web_server,PUT /products,20.193999999999996,42816,80
200,HTTP,client_browser,web_server,POST /index.html,20.244999999999994,11860,80
201,HTTP,client_browser,web_server,POST /login,20.326999999999995,60991,80
202,HTTP,client_browser,web_server,GET /products,20.471999999999994,15802,80
203,HTTP,client_browser,web_server,DELETE /cart,20.555999999999994,19824,80
204,HTTP,client_browser,web_server,DELETE /api/data,20.695999999999994,28900,80
205,HTTP,client_browser,web_server,GET /api/data,20.774999999999995,53389,80
206,HTTP,client_browser,web_server,PUT /index.html,20.787999999999997,12401,80
207,HTTP,client_browser,web_server,DELETE /about,20.946999999999996,30891,80
208,HTTP,client_browser,web_server,POST /index.html,20.957999999999995,57471,80
209,HTTP,client_browser,web_server,POST /index.html,21.119999999999994,10571,80
210,HTTP,client_browser,web_server,POST /contact,21.123999999999995,35190,80
211,HTTP,client_browser,web_server,GET /about,21.228999999999996,61594,80
212,HTTP,client_browser,web_server,POST /login,21.288999999999994,8268,80
213,HTTP,client_browser,web_server,GET /api/data,21.306999999999995,9891,80
214,HTTP,client_browser,web_server,POST /images/logo.png,21.309999999999995,51174,80
215,HTTP,client_browser,web_server,GET /contact,21.310999999999996,57580,80
216,HTTP,client_browser,web_server,POST /products,21.365999999999996,24400,80
217,HTTP,client_browser,web_server,POST /cart,21.480999999999995,42820,80
218,HTTP,client_browser,web_server,POST /index.html,21.645999999999994,42683,80
219,HTTP,client_browser,web_server,POST /login,21.749999999999993,43117,80
220,HTTP,client_browser,web_server,POST /about,21.762999999999995,36634,80
221,HTTP,client_browser,web_server,POST /login,21.898999999999994,42024,80
222,HTTP,client_browser,web_server,PUT /login,22.002999999999993,23650,80
223,HTTP,client_browser,web_server,DELETE /cart,22.063999999999993,15930,80
224,HTTP,client_browser,web_server,PUT /about,22.202999999999992,47390,80
225,HTTP,client_browser,web_server,POST /images/logo.png,22.33899999999999,25849,80
226,HTTP,client_browser,web_server,GET /api/data,22.35899999999999,28374,80
227,HTTP,client_browser,web_server,GET /index.html,22.516999999999992,15135,80
228,HTTP,client_browser,web_server,GET /images/logo.png,22.534999999999993,33231,80
229,HTTP,client_browser,web_server,DELETE /about,22.605999999999995,17106,80
230,HTTP,client_browser,web_server,GET /index.html,22.614999999999995,46446,80
231,HTTP,client_browser,web_server,GET /about,22.781999999999996,54657,80
232,HTTP,client_browser,web_server,GET /products,22.818999999999996,23577,80
233,HTTP,client_browser,web_server,GET /api/data,22.864999999999995,12414,80
234,HTTP,client_browser,web_server,PUT /products,22.991999999999994,11232,80
235,HTTP,client_browser,web_server,GET /cart,23.023999999999994,6331,80
236,HTTP,client_browser,web_server,GET /contact,23.035999999999994,11446,80
237,HTTP,client_browser,web_server,DELETE /images/logo.png,23.040999999999993,47113,80
238,HTTP,client_browser,web_server,GET /index.html,23.231999999999992,45855,80
239,HTTP,client_browser,web_server,POST /about,23.398999999999994,57990,80
240,HTTP,client_browser,web_server,POST /index.html,23.584999999999994,48015,80
241,HTTP,client_browser,web_server,GET /images/logo.png,23.676999999999992,40302,80
242,HTTP,client_browser,web_server,POST /contact,23.689999999999994,31893,80
243,HTTP,client_browser,web_server,GET /cart,23.713999999999995,25095,80
244,HTTP,client_browser,web_server,DELETE /contact,23.718999999999994,38216,80
245,HTTP,client_browser,web_server,PUT /api/data,23.796999999999993,34113,80
246,HTTP,client_browser,web_server,POST /images/logo.png,23.808999999999994,1195,80
247,HTTP,client_browser,web_server,DELETE /login,23.849999999999994,37313,80
248,HTTP,client_browser,web_server,DELETE /api/data,23.907999999999994,24698,80
249,HTTP,client_browser,web_server,GET /cart,24.075999999999993,55844,80
250,HTTP,client_browser,web_server,PUT /products,24.079999999999995,45559,80
251,HTTP,client_browser,web_server,POST /cart,24.115999999999996,61422,80
252,HTTP,client_browser,web_server,DELETE /index.html,24.195999999999994,11213,80
253,HTTP,client_browser,web_server,POST /index.html,24.321999999999996,45367,80
254,HTTP,client_browser,web_server,DELETE /products,24.455999999999996,27376,80
255,HTTP,client_browser,web_server,POST /login,24.567999999999994,26420,80
256,HTTP,client_browser,web_server,PUT /about,24.710999999999995,60356,80
257,HTTP,client_browser,web_server,GET /about,24.754999999999995,7015,80
258,HTTP,client_browser,web_server,PUT /index.html,24.813999999999997,13575,80
259,HTTP,client_browser,web_server,DELETE /index.html,24.967999999999996,62906,80
260,HTTP,client_browser,web_server,PUT /products,24.990999999999996,52524,80
261,HTTP,client_browser,web_server,POST /images/logo.png,25.079999999999995,47031,80
262,HTTP,client_browser,web_server,GET /images/logo.png,25.171999999999993,62627,80
263,HTTP,client_browser,web_server,PUT /index.html,25.211999999999993,56830,80
264,HTTP,client_browser,web_server,GET /login,25.336999999999993,16017,80
265,HTTP,client_browser,web_server,DELETE /about,25.41699999999999,60293,80
266,HTTP,client_browser,web_server,PUT /about,25.452999999999992,32429,80
267,HTTP,client_browser,web_server,POST /products,25.575999999999993,40130,80
268,HTTP,client_browser,web_server,GET /index.html,25.721999999999994,38926,80
269,HTTP,client_browser,web_server,DELETE /login,25.778999999999993,60777,80
270,HTTP,client_browser,web_server,PUT /cart,25.930999999999994,40367,80
271,HTTP,client_browser,web_server,GET /about,26.016999999999992,7552,80
272,HTTP,client_browser,web_server,DELETE /login,26.12399999999999,20607,80
273,HTTP,client_browser,web_server,PUT /contact,26.199999999999992,48275,80
274,HTTP,client_browser,web_server,DELETE /api/data,26.30399999999999,34560,80
275,HTTP,client_browser,web_server,POST /about,26.30999999999999,48088,80
276,HTTP,client_browser,web_server,PUT /cart,26.322999999999993,39392,80
277,HTTP,client_browser,web_server,POST /products,26.417999999999992,58318,80
278,HTTP,client_browser,web_server,PUT /contact,26.59999999999999,9519,80
279,HTTP,client_browser,web_server,POST /contact,26.77299999999999,6931,80
280,HTTP,client_browser,web_server,POST /products,26.913999999999987,63791,80
281,HTTP,client_browser,web_server,PUT /api/data,26.938999999999986,61465,80
282,HTTP,client_browser,web_server,GET /images/logo.png,27.008999999999986,34252,80
283,HTTP,client_browser,web_server,POST /about,27.041999999999987,13533,80
284,HTTP,client_browser,web_server,POST /contact,27.166999999999987,16371,80
285,HTTP,client_browser,web_server,DELETE /contact,27.261999999999986,53607,80
286,HTTP,client_browser,web_server,GET /about,27.430999999999987,7947,80
287,HTTP,client_browser,web_server,GET /products,27.495999999999988,34080,80
288,HTTP,client_browser,web_server,GET /api/data,27.544999999999987,40928,80
289,HTTP,client_browser,web_server,PUT /images/logo.png,27.605999999999987,49768,80
290,HTTP,client_browser,web_server,PUT /index.html,27.70899999999999,64934,80
291,HTTP,client_browser,web_server,GET /products,27.820999999999987,43206,80
292,HTTP,client_browser,web_server,POST /products,27.947999999999986,46016,80
293,HTTP,client_browser,web_server,POST /about,28.040999999999986,23817,80
294,HTTP,client_browser,web_server,POST /images/logo.png,28.097999999999985,30608,80
295,HTTP,client_browser,web_server,POST /about,28.125999999999983,62292,80
296,HTTP,client_browser,web_server,GET /about,28.245999999999984,31930,80
297,HTTP,client_browser,web_server,POST /about,28.311999999999983,42931,80
298,HTTP,client_browser,web_server,PUT /images/logo.png,28.394999999999982,51010,80
299,HTTP,client_browser,web_server,GET /api/data,28.569999999999983,43880,80
300,HTTP,client_browser,web_server,POST /login,28.680999999999983,5708,80
301,HTTP,client_browser,web_server,DELETE /api/data,28.729999999999983,14910,80
302,HTTP,client_browser,web_server,DELETE /cart,28.772999999999982,37387,80
303,HTTP,client_browser,web_server,GET /api/data,28.790999999999983,3021,80
304,HTTP,client_browser,web_server,GET /login,28.87399999999998,1479,80
305,HTTP,client_browser,web_server,POST /about,28.982999999999983,29373,80
306,HTTP,client_browser,web_server,POST /products,29.095999999999982,20882,80
307,HTTP,client_browser,web_server,GET /images/logo.png,29.243999999999982,35685,80
308,HTTP,client_browser,web_server,PUT /contact,29.430999999999983,43836,80
309,HTTP,client_browser,web_server,POST /images/logo.png,29.549999999999983,58313,80
310,HTTP,client_browser,web_server,GET /cart,29.650999999999982,46215,80
311,HTTP,client_browser,web_server,DELETE /contact,29.807999999999982,18399,80
312,HTTP,client_browser,web_server,POST /products,29.82699999999998,26698,80
313,HTTP,client_browser,web_server,GET /index.html,29.91999999999998,39147,80
314,HTTP,client_browser,web_server,PUT /about,30.03299999999998,44532,80
315,HTTP,client_browser,web_server,PUT /images/logo.png,30.17099999999998,60605,80
316,HTTP,client_browser,web_server,POST /products,30.272999999999982,14975,80
317,HTTP,client_browser,web_server,PUT /contact,30.34499999999998,21210,80
318,HTTP,client_browser,web_server,DELETE /index.html,30.38799999999998,29713,80
319,HTTP,client_browser,web_server,DELETE /api/data,30.49899999999998,22759,80
320,HTTP,client_browser,web_server,POST /about,30.54199999999998,37105,80
321,HTTP,client_browser,web_server,PUT /products,30.72299999999998,34509,80
322,HTTP,client_browser,web_server,GET /index.html,30.86799999999998,55551,80
323,HTTP,client_browser,web_server,POST /products,30.93099999999998,58975,80
324,HTTP,client_browser,web_server,GET /login,30.95199999999998,37920,80
325,HTTP,client_browser,web_server,POST /images/logo.png,30.98599999999998,60940,80
326,HTTP,client_browser,web_server,PUT /about,31.15399999999998,19002,80
327,HTTP,client_browser,web_server,POST /products,31.27999999999998,48706,80
328,HTTP,client_browser,web_server,DELETE /login,31.35899999999998,34567,80
329,HTTP,client_browser,web_server,PUT /products,31.50499999999998,57762,80
330,HTTP,client_browser,web_server,PUT /login,31.55899999999998,12266,80
331,HTTP,client_browser,web_server,GET /api/data,31.57199999999998,48829,80
332,HTTP,client_browser,web_server,POST /index.html,31.74599999999998,16647,80
333,HTTP,client_browser,web_server,PUT /index.html,31.93799999999998,13693,80
334,HTTP,client_browser,web_server,GET /cart,31.976999999999983,44872,80
335,HTTP,client_browser,web_server,POST /contact,32.12999999999998,61015,80
336,HTTP,client_browser,web_server,GET /about,32.25499999999998,49818,80
337,HTTP,client_browser,web_server,GET /api/data,32.38599999999998,50503,80
338,HTTP,client_browser,web_server,DELETE /login,32.463999999999984,58046,80
339,HTTP,client_browser,web_server,POST /about,32.527999999999984,43241,80
340,HTTP,client_browser,web_server,POST /about,32.72699999999998,52321,80
341,HTTP,client_browser,web_server,DELETE /api/data,32.82499999999998,56146,80
342,HTTP,client_browser,web_server,DELETE /api/data,32.97199999999998,20173,80
343,HTTP,client_browser,web_server,POST /products,33.00899999999998,24804,80
344,HTTP,client_browser,web_server,GET /images/logo.png,33.18499999999998,17068,80
345,HTTP,client_browser,web_server,POST /about,33.29999999999998,64353,80
346,HTTP,client_browser,web_server,DELETE /about,33.34699999999998,34829,80
347,HTTP,client_browser,web_server,PUT /login,33.38699999999998,37948,80
348,HTTP,client_browser,web_server,GET /index.html,33.45499999999998,42457,80
349,HTTP,client_browser,web_server,DELETE /contact,33.62799999999998,31872,80
350,HTTP,client_browser,web_server,DELETE /contact,33.75999999999998,11515,80
351,HTTP,client_browser,web_server,DELETE /contact,33.76299999999998,16953,80
352,HTTP,client_browser,web_server,GET /cart,33.94499999999998,16093,80
353,HTTP,client_browser,web_server,GET /images/logo.png,34.10999999999998,64518,80
354,HTTP,client_browser,web_server,POST /images/logo.png,34.20399999999998,17595,80
355,HTTP,client_browser,web_server,DELETE /login,34.31099999999998,59664,80
356,HTTP,client_browser,web_server,GET /about,34.41499999999998,37527,80
357,HTTP,client_browser,web_server,DELETE /api/data,34.44099999999998,33373,80
358,HTTP,client_browser,web_server,POST /api/data,34.59299999999998,40971,80
359,HTTP,client_browser,web_server,POST /contact,34.603999999999985,21581,80
360,HTTP,client_browser,web_server,GET /images/logo.png,34.80299999999998,50234,80
361,HTTP,client_browser,web_server,DELETE /contact,34.984999999999985,15106,80
362,HTTP,client_browser,web_server,POST /images/logo.png,35.024999999999984,33943,80
363,HTTP,client_browser,web_server,POST /login,35.08799999999999,4322,80
364,HTTP,client_browser,web_server,PUT /cart,35.258999999999986,4693,80
365,HTTP,client_browser,web_server,DELETE /login,35.44999999999999,62313,80
366,HTTP,client_browser,web_server,GET /cart,35.618999999999986,37123,80
367,HTTP,client_browser,web_server,POST /images/logo.png,35.673999999999985,21375,80
368,HTTP,client_browser,web_server,POST /login,35.68399999999998,56351,80
369,HTTP,client_browser,web_server,DELETE /products,35.84599999999998,3760,80
370,HTTP,client_browser,web_server,GET /api/data,35.91299999999998,25718,80
371,HTTP,client_browser,web_server,GET /cart,35.99499999999998,31687,80
372,HTTP,client_browser,web_server,POST /api/data,36.146999999999984,18533,80
373,HTTP,client_browser,web_server,PUT /products,36.23399999999999,5618,80
374,HTTP,client_browser,web_server,POST /about,36.25099999999999,45264,80
375,HTTP,client_browser,web_server,PUT /login,36.29399999999999,20307,80
376,HTTP,client_browser,web_server,PUT /products,36.32999999999999,26955,80
377,HTTP,client_browser,web_server,POST /login,36.40999999999999,9816,80
378,HTTP,client_browser,web_server,POST /products,36.59399999999999,8326,80
379,HTTP,client_browser,web_server,GET /images/logo.png,36.679999999999986,4840,80
380,HTTP,client_browser,web_server,GET /products,36.75099999999998,24495,80
381,HTTP,client_browser,web_server,POST /cart,36.91599999999998,57179,80
382,HTTP,client_browser,web_server,POST /about,36.966999999999985,14160,80
383,HTTP,client_browser,web_server,DELETE /cart,37.02299999999998,43873,80
384,HTTP,client_browser,web_server,GET /contact,37.11799999999998,51034,80
385,HTTP,client_browser,web_server,GET /api/data,37.20399999999998,14455,80
386,HTTP,client_browser,web_server,PUT /about,37.34699999999998,11485,80
387,HTTP,client_browser,web_server,GET /cart,37.53299999999998,61590,80
388,HTTP,client_browser,web_server,DELETE /cart,37.71499999999998,20390,80
389,HTTP,client_browser,web_server,PUT /api/data,37.80599999999998,12057,80
390,HTTP,client_browser,web_server,GET /about,37.82199999999998,4159,80
391,HTTP,client_browser,web_server,PUT /index.html,37.86099999999998,49718,80
392,HTTP,client_browser,web_server,PUT /api/data,38.005999999999986,39794,80
393,HTTP,client_browser,web_server,PUT /about,38.09099999999999,31524,80
394,HTTP,client_browser,web_server,PUT /about,38.240999999999985,51652,80
395,HTTP,client_browser,web_server,POST /about,38.24499999999998,60965,80
396,HTTP,client_browser,web_server,GET /index.html,38.39899999999999,61882,80
397,HTTP,client_browser,web_server,POST /index.html,38.44699999999999,51260,80
398,HTTP,client_browser,web_server,PUT /cart,38.508999999999986,2288,80
399,HTTP,client_browser,web_server,POST /contact,38.533999999999985,46016,80
400,HTTP,client_browser,web_server,DELETE /products,38.60599999999999,48118,80
401,HTTP,client_browser,web_server,POST /products,38.74199999999999,61421,80
402,HTTP,client_browser,web_server,GET /login,38.75099999999999,3555,80
403,HTTP,client_browser,web_server,PUT /images/logo.png,38.77499999999999,51518,80
404,HTTP,client_browser,web_server,POST /contact,38.81799999999999,57070,80
405,HTTP,client_browser,web_server,POST /images/logo.png,38.94799999999999,34219,80
406,HTTP,client_browser,web_server,GET /products,38.98899999999999,20830,80
407,HTTP,client_browser,web_server,DELETE /products,39.06299999999999,3777,80
408,HTTP,client_browser,web_server,PUT /login,39.115999999999985,9068,80
409,HTTP,client_browser,web_server,POST /contact,39.243999999999986,28512,80
410,HTTP,client_browser,web_server,PUT /api/data,39.265999999999984,52149,80
411,HTTP,client_browser,web_server,POST /products,39.33199999999999,36758,80
412,HTTP,client_browser,web_server,PUT /contact,39.39499999999999,11221,80
413,HTTP,client_browser,web_server,POST /contact,39.52099999999999,27969,80
414,HTTP,client_browser,web_server,PUT /index.html,39.59999999999999,18100,80
415,HTTP,client_browser,web_server,GET /login,39.74599999999999,34302,80
416,HTTP,client_browser,web_server,PUT /api/data,39.86499999999999,32768,80
417,HTTP,client_browser,web_server,POST /images/logo.png,39.94899999999999,65206,80
418,HTTP,client_browser,web_server,DELETE /about,40.12199999999999,15061,80
419,HTTP,client_browser,web_server,PUT /cart,40.13699999999999,56053,80
420,HTTP,client_browser,web_server,GET /cart,40.297999999999995,25770,80
421,HTTP,client_browser,web_server,POST /api/data,40.39699999999999,19415,80
422,HTTP,client_browser,web_server,PUT /about,40.57399999999999,64307,80
423,HTTP,client_browser,web_server,DELETE /api/data,40.66199999999999,45689,80
424,HTTP,client_browser,web_server,PUT /contact,40.68399999999999,59479,80
425,HTTP,client_browser,web_server,DELETE /cart,40.83399999999999,50249,80
426,HTTP,client_browser,web_server,GET /products,40.96999999999999,45221,80
427,HTTP,client_browser,web_server,GET /cart,41.14999999999999,49594,80
428,HTTP,client_browser,web_server,GET /cart,41.22699999999999,19425,80
429,HTTP,client_browser,web_server,PUT /login,41.42499999999999,40874,80
430,HTTP,client_browser,web_server,GET /about,41.48899999999999,36537,80
431,HTTP,client_browser,web_server,DELETE /api/data,41.67999999999999,10158,80
432,HTTP,client_browser,web_server,GET /index.html,41.809999999999995,44513,80
433,HTTP,client_browser,web_server,PUT /images/logo.png,41.821,47155,80
434,HTTP,client_browser,web_server,POST /products,41.989999999999995,46961,80
435,HTTP,client_browser,web_server,PUT /about,42.10099999999999,23262,80
436,HTTP,client_browser,web_server,DELETE /images/logo.png,42.15099999999999,12129,80
437,HTTP,client_browser,web_server,POST /api/data,42.325999999999986,34779,80
438,HTTP,client_browser,web_server,DELETE /contact,42.34399999999999,3240,80
439,HTTP,client_browser,web_server,GET /products,42.47799999999999,26706,80
440,HTTP,client_browser,web_server,DELETE /products,42.60199999999999,18528,80
441,HTTP,client_browser,web_server,DELETE /products,42.636999999999986,61726,80
442,HTTP,client_browser,web_server,GET /index.html,42.83199999999999,42103,80
443,HTTP,client_browser,web_server,POST /images/logo.png,42.871999999999986,5173,80
444,HTTP,client_browser,web_server,GET /login,43.024999999999984,39434,80
445,HTTP,client_browser,web_server,DELETE /login,43.19099999999998,32077,80
446,HTTP,client_browser,web_server,GET /login,43.24399999999998,20294,80
447,HTTP,client_browser,web_server,PUT /about,43.37699999999998,2217,80
448,HTTP,client_browser,web_server,PUT /products,43.512999999999984,36927,80
449,HTTP,client_browser,web_server,DELETE /index.html,43.704999999999984,57261,80
450,HTTP,client_browser,web_server,GET /cart,43.71299999999999,17531,80
451,HTTP,client_browser,web_server,DELETE /about,43.874999999999986,64064,80
452,HTTP,client_browser,web_server,PUT /images/logo.png,43.92299999999999,27340,80
453,HTTP,client_browser,web_server,POST /about,43.96899999999999,55934,80
454,HTTP,client_browser,web_server,POST /about,44.15199999999999,55175,80
455,HTTP,client_browser,web_server,GET /about,44.30899999999998,24651,80
456,HTTP,client_browser,web_server,GET /login,44.45699999999999,64309,80
457,HTTP,client_browser,web_server,GET /cart,44.56899999999999,45436,80
458,HTTP,client_browser,web_server,POST /about,44.61999999999999,6838,80
459,HTTP,client_browser,web_server,GET /cart,44.81299999999999,10078,80
460,HTTP,client_browser,web_server,GET /index.html,44.85599999999999,58552,80
461,HTTP,client_browser,web_server,DELETE /api/data,44.890999999999984,11953,80
462,HTTP,client_browser,web_server,PUT /api/data,45.018999999999984,50210,80
463,HTTP,client_browser,web_server,POST /cart,45.134999999999984,60798,80
464,HTTP,client_browser,web_server,GET /index.html,45.27699999999999,4929,80
465,HTTP,client_browser,web_server,DELETE /cart,45.381999999999984,30365,80
466,HTTP,client_browser,web_server,POST /images/logo.png,45.557999999999986,2103,80
467,HTTP,client_browser,web_server,PUT /index.html,45.612999999999985,50891,80
468,HTTP,client_browser,web_server,PUT /index.html,45.777999999999984,32859,80
469,HTTP,client_browser,web_server,PUT /images/logo.png,45.935999999999986,59974,80
470,HTTP,client_browser,web_server,POST /cart,45.941999999999986,50625,80
471,HTTP,client_browser,web_server,GET /login,46.06599999999999,3620,80
472,HTTP,client_browser,web_server,PUT /products,46.25799999999999,64017,80
473,HTTP,client_browser,web_server,GET /cart,46.30899999999999,28509,80
474,HTTP,client_browser,web_server,GET /cart,46.32799999999999,60472,80
475,HTTP,client_browser,web_server,POST /login,46.42599999999999,27006,80
476,HTTP,client_browser,web_server,POST /products,46.56799999999999,42903,80
477,HTTP,client_browser,web_server,DELETE /cart,46.74599999999999,48800,80
478,HTTP,client_browser,web_server,POST /contact,46.865999999999985,59709,80
479,HTTP,client_browser,web_server,POST /products,46.932999999999986,16544,80
480,HTTP,client_browser,web_server,POST /api/data,47.10799999999998,21956,80
481,HTTP,client_browser,web_server,GET /images/logo.png,47.167999999999985,1604,80
482,HTTP,client_browser,web_server,POST /about,47.26399999999998,50639,80
483,HTTP,client_browser,web_server,GET /products,47.29499999999998,37003,80
484,HTTP,client_browser,web_server,GET /contact,47.38399999999998,25357,80
485,HTTP,client_browser,web_server,DELETE /cart,47.38899999999998,44510,80
486,HTTP,client_browser,web_server,GET /index.html,47.48599999999998,39711,80
487,HTTP,client_browser,web_server,PUT /about,47.61399999999998,55902,80
488,HTTP,client_browser,web_server,PUT /cart,47.685999999999986,56843,80
489,HTTP,client_browser,web_server,GET /contact,47.844999999999985,38541,80
490,HTTP,client_browser,web_server,POST /contact,48.042999999999985,26253,80
491,HTTP,client_browser,web_server,GET /products,48.10799999999998,23238,80
492,HTTP,client_browser,web_server,PUT /images/logo.png,48.27899999999998,18549,80
493,HTTP,client_browser,web_server,PUT /index.html,48.47099999999998,10915,80
494,HTTP,client_browser,web_server,GET /login,48.49499999999998,41922,80
495,HTTP,client_browser,web_server,DELETE /api/data,48.59399999999998,5289,80
496,HTTP,client_browser,web_server,POST /login,48.69799999999998,31976,80
497,HTTP,client_browser,web_server,DELETE /contact,48.796999999999976,45163,80
498,HTTP,client_browser,web_server,GET /images/logo.png,48.96699999999998,59635,80
499,HTTP,client_browser,web_server,POST /images/logo.png,49.125999999999976,46532,80
500,HTTP,client_browser,web_server,GET /api/data,49.226999999999975,31039,80
501,HTTP,client_browser,web_server,GET /cart,49.42699999999998,38768,80
502,HTTP,client_browser,web_server,POST /products,49.55199999999998,47979,80
503,HTTP,client_browser,web_server,GET /about,49.71999999999998,14823,80
504,HTTP,client_browser,web_server,POST /images/logo.png,49.827999999999975,1579,80
505,HTTP,client_browser,web_server,DELETE /contact,49.91199999999998,15164,80
506,HTTP,client_browser,web_server,DELETE /cart,49.92899999999998,20090,80
507,HTTP,client_browser,web_server,POST /cart,50.01499999999998,44887,80
508,HTTP,client_browser,web_server,PUT /contact,50.06099999999998,56991,80
509,HTTP,client_browser,web_server,GET /login,50.22599999999998,35582,80
510,HTTP,client_browser,web_server,GET /contact,50.263999999999974,10302,80
511,HTTP,client_browser,web_server,DELETE /api/data,50.403999999999975,33108,80
512,HTTP,client_browser,web_server,GET /contact,50.421999999999976,45849,80
513,HTTP,client_browser,web_server,PUT /products,50.430999999999976,60637,80
514,HTTP,client_browser,web_server,DELETE /images/logo.png,50.59699999999997,22370,80
515,HTTP,client_browser,web_server,PUT /index.html,50.614999999999974,37946,80
516,HTTP,client_browser,web_server,DELETE /api/data,50.811999999999976,41535,80
517,HTTP,client_browser,web_server,PUT /images/logo.png,50.903999999999975,51793,80
518,HTTP,client_browser,web_server,DELETE /index.html,51.10299999999997,51797,80
519,HTTP,client_browser,web_server,POST /contact,51.18899999999997,11011,80
520,HTTP,client_browser,web_server,POST /cart,51.318999999999974,3140,80
521,HTTP,client_browser,web_server,POST /products,51.39899999999997,1087,80
522,HTTP,client_browser,web_server,GET /contact,51.489999999999974,21058,80
523,HTTP,client_browser,web_server,GET /images/logo.png,51.62499999999997,14266,80
524,HTTP,client_browser,web_server,DELETE /contact,51.81099999999997,30319,80
525,HTTP,client_browser,web_server,GET /contact,51.91399999999997,48924,80
526,HTTP,client_browser,web_server,PUT /api/data,52.031999999999975,61481,80
527,HTTP,client_browser,web_server,GET /contact,52.214999999999975,20819,80
528,HTTP,client_browser,web_server,GET /index.html,52.21999999999998,62292,80
529,HTTP,client_browser,web_server,POST /about,52.37199999999998,46368,80
530,HTTP,client_browser,web_server,PUT /api/data,52.38399999999998,35928,80
531,HTTP,client_browser,web_server,GET /images/logo.png,52.56399999999998,7625,80
532,HTTP,client_browser,web_server,POST /login,52.68799999999998,27643,80
533,HTTP,client_browser,web_server,POST /cart,52.72799999999998,58354,80
534,HTTP,client_browser,web_server,PUT /images/logo.png,52.81399999999998,31681,80
535,HTTP,client_browser,web_server,DELETE /login,52.87399999999998,11582,80
536,HTTP,client_browser,web_server,PUT /api/data,53.04799999999998,10596,80
537,HTTP,client_browser,web_server,GET /about,53.23599999999998,54558,80
538,HTTP,client_browser,web_server,DELETE /about,53.292999999999985,48809,80
539,HTTP,client_browser,web_server,GET /contact,53.445999999999984,46224,80
540,HTTP,client_browser,web_server,DELETE /login,53.463999999999984,14215,80
541,HTTP,client_browser,web_server,DELETE /login,53.567999999999984,32934,80
542,HTTP,client_browser,web_server,POST /api/data,53.695999999999984,29962,80
543,HTTP,client_browser,web_server,GET /images/logo.png,53.810999999999986,59653,80
544,HTTP,client_browser,web_server,POST /images/logo.png,53.95599999999999,40335,80
545,HTTP,client_browser,web_server,GET /contact,54.04999999999999,50850,80
546,HTTP,client_browser,web_server,GET /api/data,54.16899999999999,60683,80
547,HTTP,client_browser,web_server,GET /products,54.29499999999999,43344,80
548,HTTP,client_browser,web_server,DELETE /login,54.326999999999984,36079,80
549,HTTP,client_browser,web_server,PUT /contact,54.37399999999998,22545,80
550,HTTP,client_browser,web_server,PUT /images/logo.png,54.49499999999998,15875,80
551,HTTP,client_browser,web_server,POST /api/data,54.609999999999985,17517,80
552,HTTP,client_browser,web_server,PUT /cart,54.72999999999998,50086,80
553,HTTP,client_browser,web_server,POST /index.html,54.86999999999998,11567,80
554,HTTP,client_browser,web_server,POST /index.html,55.03299999999998,63765,80
555,HTTP,client_browser,web_server,POST /contact,55.07799999999998,4411,80
556,HTTP,client_browser,web_server,DELETE /products,55.12499999999998,59753,80
557,HTTP,client_browser,web_server,POST /index.html,55.29599999999998,38315,80
558,HTTP,client_browser,web_server,DELETE /contact,55.330999999999975,9814,80
559,HTTP,client_browser,web_server,DELETE /index.html,55.461999999999975,51988,80
560,HTTP,client_browser,web_server,POST /images/logo.png,55.629999999999974,27364,80
561,HTTP,client_browser,web_server,DELETE /index.html,55.75399999999998,17111,80
562,HTTP,client_browser,web_server,PUT /contact,55.89299999999998,62755,80
563,HTTP,client_browser,web_server,DELETE /images/logo.png,56.07899999999998,17899,80
564,HTTP,client_browser,web_server,PUT /api/data,56.177999999999976,1362,80
565,HTTP,client_browser,web_server,GET /api/data,56.29299999999998,2408,80
566,HTTP,client_browser,web_server,PUT /images/logo.png,56.48399999999998,59646,80
567,HTTP,client_browser,web_server,PUT /api/data,56.55299999999998,20121,80
568,HTTP,client_browser,web_server,POST /index.html,56.64799999999998,45861,80
569,HTTP,client_browser,web_server,POST /contact,56.83999999999998,42709,80
570,HTTP,client_browser,web_server,PUT /index.html,56.99299999999998,55446,80
571,HTTP,client_browser,web_server,DELETE /login,57.03899999999998,50565,80
572,HTTP,client_browser,web_server,GET /contact,57.22499999999998,48312,80
573,HTTP,client_browser,web_server,DELETE /index.html,57.31999999999998,65174,80
574,HTTP,client_browser,web_server,DELETE /api/data,57.430999999999976,53272,80
575,HTTP,client_browser,web_server,POST /contact,57.47199999999997,52156,80
576,HTTP,client_browser,web_server,DELETE /contact,57.64899999999997,39632,80
577,HTTP,client_browser,web_server,DELETE /contact,57.76899999999997,51382,80
578,HTTP,client_browser,web_server,PUT /index.html,57.96799999999997,40666,80
579,HTTP,client_browser,web_server,DELETE /products,58.166999999999966,37754,80
580,HTTP,client_browser,web_server,DELETE /login,58.288999999999966,45609,80
581,HTTP,client_browser,web_server,PUT /products,58.31799999999997,5390,80
582,HTTP,client_browser,web_server,POST /products,58.39999999999997,57870,80
583,HTTP,client_browser,web_server,DELETE /about,58.41899999999997,12633,80
584,HTTP,client_browser,web_server,DELETE /images/logo.png,58.48199999999997,13178,80
585,HTTP,client_browser,web_server,DELETE /api/data,58.50299999999997,58011,80
586,HTTP,client_browser,web_server,POST /contact,58.63099999999997,43144,80
587,HTTP,client_browser,web_server,GET /contact,58.75299999999997,49308,80
588,HTTP,client_browser,web_server,GET /contact,58.757999999999974,64945,80
589,HTTP,client_browser,web_server,DELETE /about,58.87499999999997,26049,80
590,HTTP,client_browser,web_server,GET /images/logo.png,58.94799999999997,57642,80
591,HTTP,client_browser,web_server,DELETE /cart,59.117999999999974,8807,80
592,HTTP,client_browser,web_server,GET /products,59.31099999999997,44784,80
593,HTTP,client_browser,web_server,POST /contact,59.333999999999975,42408,80
594,HTTP,client_browser,web_server,DELETE /index.html,59.35399999999998,2966,80
595,HTTP,client_browser,web_server,GET /contact,59.37799999999998,26761,80
596,HTTP,client_browser,web_server,DELETE /api/data,59.38899999999998,26173,80
597,HTTP,client_browser,web_server,PUT /about,59.54099999999998,43068,80
598,HTTP,client_browser,web_server,POST /api/data,59.570999999999984,65376,80
599,HTTP,client_browser,web_server,DELETE /login,59.628999999999984,36500,80
600,HTTP,client_browser,web_server,GET /cart,59.694999999999986,15362,80
601,HTTP,client_browser,web_server,DELETE /images/logo.png,59.80099999999999,57395,80
602,HTTP,client_browser,web_server,DELETE /api/data,59.975999999999985,5758,80
603,HTTP,client_browser,web_server,DELETE /products,60.00499999999999,35120,80
604,HTTP,client_browser,web_server,DELETE /api/data,60.054999999999986,26243,80
605,HTTP,client_browser,web_server,POST /images/logo.png,60.072999999999986,57570,80
606,HTTP,client_browser,web_server,DELETE /images/logo.png,60.24899999999999,21491,80
607,HTTP,client_browser,web_server,GET /products,60.258999999999986,43735,80
608,HTTP,client_browser,web_server,POST /contact,60.316999999999986,59131,80
609,HTTP,client_browser,web_server,DELETE /cart,60.46899999999999,39504,80
610,HTTP,client_browser,web_server,PUT /about,60.567999999999984,63159,80
611,HTTP,client_browser,web_server,PUT /api/data,60.65399999999998,54004,80
612,HTTP,client_browser,web_server,PUT /contact,60.743999999999986,43832,80
613,HTTP,client_browser,web_server,GET /images/logo.png,60.746999999999986,40090,80
614,HTTP,client_browser,web_server,POST /contact,60.819999999999986,49191,80
615,HTTP,client_browser,web_server,GET /cart,60.96899999999999,30879,80
616,HTTP,client_browser,web_server,GET /contact,61.109999999999985,26424,80
617,HTTP,client_browser,web_server,POST /cart,61.12599999999998,3590,80
618,HTTP,client_browser,web_server,GET /about,61.198999999999984,50715,80
619,HTTP,client_browser,web_server,POST /images/logo.png,61.30699999999998,34353,80
620,HTTP,client_browser,web_server,PUT /api/data,61.37299999999998,53952,80
621,HTTP,client_browser,web_server,POST /products,61.41899999999998,26593,80
622,HTTP,client_browser,web_server,DELETE /index.html,61.49799999999998,18456,80
623,HTTP,client_browser,web_server,DELETE /about,61.61999999999998,55643,80
624,HTTP,client_browser,web_server,DELETE /about,61.761999999999986,49895,80
625,HTTP,client_browser,web_server,GET /login,61.81499999999998,5555,80
626,HTTP,client_browser,web_server,DELETE /login,61.85599999999998,27664,80
627,HTTP,client_browser,web_server,POST /cart,62.00899999999998,16161,80
628,HTTP,client_browser,web_server,DELETE /cart,62.08599999999998,34935,80
629,HTTP,client_browser,web_server,DELETE /index.html,62.26499999999998,45614,80
630,HTTP,client_browser,web_server,GET /login,62.38899999999998,51287,80
631,HTTP,client_browser,web_server,DELETE /api/data,62.49799999999998,11851,80
632,HTTP,client_browser,web_server,PUT /images/logo.png,62.59599999999998,49362,80
633,HTTP,client_browser,web_server,PUT /contact,62.65399999999998,37034,80
634,HTTP,client_browser,web_server,GET /login,62.73599999999998,13573,80
635,HTTP,client_browser,web_server,GET /api/data,62.78199999999998,7803,80
636,HTTP,client_browser,web_server,PUT /products,62.92899999999998,63710,80
637,HTTP,client_browser,web_server,DELETE /login,63.08599999999998,7061,80
638,HTTP,client_browser,web_server,GET /products,63.135999999999974,11444,80
639,HTTP,client_browser,web_server,POST /contact,63.16799999999997,42771,80
640,HTTP,client_browser,web_server,POST /login,63.33799999999997,38682,80
641,HTTP,client_browser,web_server,DELETE /products,63.48199999999997,57497,80
642,HTTP,client_browser,web_server,PUT /index.html,63.50599999999997,33548,80
643,HTTP,client_browser,web_server,GET /index.html,63.67399999999997,57625,80
644,HTTP,client_browser,web_server,DELETE /products,63.77199999999997,50809,80
645,HTTP,client_browser,web_server,GET /contact,63.82199999999997,1539,80
646,HTTP,client_browser,web_server,POST /login,63.85799999999997,37920,80
647,HTTP,client_browser,web_server,PUT /login,63.96999999999997,59873,80
648,HTTP,client_browser,web_server,PUT /contact,64.08699999999997,24205,80
649,HTTP,client_browser,web_server,GET /about,64.18199999999997,30655,80
650,HTTP,client_browser,web_server,GET /login,64.28399999999998,59254,80
651,HTTP,client_browser,web_server,GET /cart,64.43299999999998,54885,80
652,HTTP,client_browser,web_server,PUT /products,64.55499999999998,14526,80
653,HTTP,client_browser,web_server,GET /about,64.57199999999997,14232,80
654,HTTP,client_browser,web_server,GET /index.html,64.66299999999997,30765,80
655,HTTP,client_browser,web_server,GET /products,64.85699999999997,7904,80
656,HTTP,client_browser,web_server,DELETE /contact,65.01299999999998,65380,80
657,HTTP,client_browser,web_server,PUT /login,65.20799999999997,44744,80
658,HTTP,client_browser,web_server,GET /index.html,65.36599999999997,58494,80
659,HTTP,client_browser,web_server,POST /api/data,65.46299999999997,12650,80
660,HTTP,client_browser,web_server,POST /about,65.66099999999996,1662,80
661,HTTP,client_browser,web_server,PUT /login,65.71899999999997,10387,80
662,HTTP,client_browser,web_server,PUT /about,65.75699999999996,21056,80
663,HTTP,client_browser,web_server,GET /api/data,65.86599999999996,38352,80
664,HTTP,client_browser,web_server,DELETE /api/data,65.94699999999996,32829,80
665,HTTP,client_browser,web_server,GET /index.html,65.99399999999996,20232,80
666,HTTP,client_browser,web_server,POST /api/data,66.07299999999995,27121,80
667,HTTP,client_browser,web_server,PUT /api/data,66.15299999999995,2429,80
668,HTTP,client_browser,web_server,DELETE /contact,66.18999999999996,28811,80
669,HTTP,client_browser,web_server,PUT /products,66.37499999999996,31544,80
670,HTTP,client_browser,web_server,POST /contact,66.51399999999995,48808,80
671,HTTP,client_browser,web_server,GET /cart,66.57899999999995,26743,80
672,HTTP,client_browser,web_server,PUT /about,66.69799999999995,39686,80
673,HTTP,client_browser,web_server,DELETE /login,66.79699999999995,22355,80
674,HTTP,client_browser,web_server,DELETE /products,66.88999999999996,16675,80
675,HTTP,client_browser,web_server,GET /index.html,66.96799999999996,2866,80
676,HTTP,client_browser,web_server,GET /about,67.05999999999996,23390,80
677,HTTP,client_browser,web_server,DELETE /about,67.11399999999996,44237,80
678,HTTP,client_browser,web_server,PUT /products,67.20599999999996,60644,80
679,HTTP,client_browser,web_server,DELETE /images/logo.png,67.26499999999996,3125,80
680,HTTP,client_browser,web_server,GET /cart,67.33299999999996,21558,80
681,HTTP,client_browser,web_server,GET /images/logo.png,67.48799999999996,40119,80
682,HTTP,client_browser,web_server,POST /api/data,67.55199999999995,7946,80
683,HTTP,client_browser,web_server,GET /about,67.73599999999995,49628,80
684,HTTP,client_browser,web_server,DELETE /login,67.79199999999994,30436,80
685,HTTP,client_browser,web_server,DELETE /contact,67.87899999999995,60398,80
686,HTTP,client_browser,web_server,PUT /images/logo.png,68.02499999999995,62239,80
687,HTTP,client_browser,web_server,PUT /products,68.08599999999996,19694,80
688,HTTP,client_browser,web_server,GET /login,68.19499999999995,18915,80
689,HTTP,client_browser,web_server,GET /login,68.25399999999995,32370,80
690,HTTP,client_browser,web_server,PUT /api/data,68.43999999999996,44070,80
691,HTTP,client_browser,web_server,PUT /login,68.57099999999996,44008,80
692,HTTP,client_browser,web_server,GET /cart,68.76299999999995,24080,80
693,HTTP,client_browser,web_server,GET /login,68.87199999999994,22425,80
694,HTTP,client_browser,web_server,GET /index.html,69.03099999999995,48751,80
695,HTTP,client_browser,web_server,DELETE /products,69.06299999999995,3083,80
696,HTTP,client_browser,web_server,PUT /api/data,69.10599999999995,30041,80
697,HTTP,client_browser,web_server,GET /products,69.19999999999995,49978,80
698,HTTP,client_browser,web_server,POST /images/logo.png,69.38399999999994,34854,80
699,HTTP,client_browser,web_server,POST /images/logo.png,69.57499999999995,61022,80
700,HTTP,client_browser,web_server,DELETE /products,69.74299999999995,19971,80
701,HTTP,client_browser,web_server,PUT /images/logo.png,69.86399999999995,30867,80
702,HTTP,client_browser,web_server,GET /contact,69.89599999999994,2744,80
703,HTTP,client_browser,web_server,DELETE /contact,69.96299999999994,31001,80
704,HTTP,client_browser,web_server,DELETE /products,69.99699999999994,15623,80
705,HTTP,client_browser,web_server,POST /images/logo.png,70.14799999999994,47856,80
706,HTTP,client_browser,web_server,GET /images/logo.png,70.27399999999994,13811,80
707,HTTP,client_browser,web_server,PUT /products,70.41099999999994,23958,80
708,HTTP,client_browser,web_server,POST /products,70.46199999999995,46278,80
709,HTTP,client_browser,web_server,GET /api/data,70.48199999999994,29788,80
710,HTTP,client_browser,web_server,DELETE /images/logo.png,70.57999999999994,31582,80
711,HTTP,client_browser,web_server,PUT /index.html,70.59099999999994,6180,80
712,HTTP,client_browser,web_server,PUT /products,70.62099999999994,28511,80
713,HTTP,client_browser,web_server,DELETE /cart,70.65499999999994,7324,80
714,HTTP,client_browser,web_server,GET /products,70.73099999999994,63979,80
715,HTTP,client_browser,web_server,PUT /api/data,70.91599999999994,35915,80
716,HTTP,client_browser,web_server,DELETE /index.html,71.09299999999995,7904,80
717,HTTP,client_browser,web_server,POST /cart,71.21499999999995,29998,80
718,HTTP,client_browser,web_server,GET /products,71.33199999999995,14327,80
719,HTTP,client_browser,web_server,GET /products,71.51699999999995,38982,80
720,HTTP,client_browser,web_server,POST /about,71.59899999999995,44507,80
721,HTTP,client_browser,web_server,PUT /api/data,71.68499999999995,9242,80
722,HTTP,client_browser,web_server,DELETE /about,71.79199999999994,19859,80
723,HTTP,client_browser,web_server,GET /index.html,71.82299999999995,31633,80
724,HTTP,client_browser,web_server,DELETE /about,71.90699999999995,59023,80
725,HTTP,client_browser,web_server,GET /cart,71.98899999999995,24382,80
726,HTTP,client_browser,web_server,POST /api/data,72.07999999999994,32416,80
727,HTTP,client_browser,web_server,POST /login,72.08499999999994,65236,80
728,HTTP,client_browser,web_server,GET /index.html,72.08999999999993,56006,80
729,HTTP,client_browser,web_server,POST /about,72.13399999999993,27691,80
730,HTTP,client_browser,web_server,GET /about,72.32499999999993,20317,80
731,HTTP,client_browser,web_server,DELETE /login,72.38599999999994,28228,80
732,HTTP,client_browser,web_server,DELETE /products,72.44299999999994,43739,80
733,HTTP,client_browser,web_server,GET /images/logo.png,72.59799999999994,14546,80
734,HTTP,client_browser,web_server,POST /api/data,72.61099999999995,37659,80
735,HTTP,client_browser,web_server,DELETE /products,72.65599999999995,55606,80
736,HTTP,client_browser,web_server,DELETE /contact,72.83399999999995,5049,80
737,HTTP,client_browser,web_server,DELETE /images/logo.png,72.96699999999994,2630,80
738,HTTP,client_browser,web_server,POST /login,73.10699999999994,47873,80
739,HTTP,client_browser,web_server,PUT /cart,73.11999999999995,29359,80
740,HTTP,client_browser,web_server,POST /contact,73.28599999999994,48330,80
741,HTTP,client_browser,web_server,DELETE /cart,73.31299999999995,27361,80
742,HTTP,client_browser,web_server,GET /products,73.44199999999995,56709,80
743,HTTP,client_browser,web_server,POST /index.html,73.54799999999994,63448,80
744,HTTP,client_browser,web_server,POST /contact,73.68499999999995,47917,80
745,HTTP,client_browser,web_server,GET /api/data,73.78799999999994,28627,80
746,HTTP,client_browser,web_server,PUT /about,73.89199999999994,14150,80
747,HTTP,client_browser,web_server,GET /images/logo.png,74.07799999999995,37087,80
748,HTTP,client_browser,web_server,DELETE /api/data,74.19199999999995,57382,80
749,HTTP,client_browser,web_server,GET /index.html,74.37699999999995,33870,80
750,HTTP,client_browser,web_server,POST /products,74.46799999999995,58901,80
751,HTTP,client_browser,web_server,DELETE /products,74.48899999999995,64376,80
752,HTTP,client_browser,web_server,DELETE /images/logo.png,74.59999999999995,51305,80
753,HTTP,client_browser,web_server,PUT /index.html,74.66599999999995,58416,80
754,HTTP,client_browser,web_server,GET /cart,74.72899999999996,19516,80
755,HTTP,client_browser,web_server,GET /contact,74.91499999999996,22520,80
756,HTTP,client_browser,web_server,DELETE /products,75.01599999999996,65426,80
757,HTTP,client_browser,web_server,GET /contact,75.16599999999997,32795,80
758,HTTP,client_browser,web_server,GET /cart,75.17899999999997,18463,80
759,HTTP,client_browser,web_server,PUT /products,75.30599999999997,64773,80
760,HTTP,client_browser,web_server,POST /contact,75.31999999999996,3861,80
761,HTTP,client_browser,web_server,PUT /index.html,75.51599999999996,30695,80
762,HTTP,client_browser,web_server,POST /products,75.52999999999996,37225,80
763,HTTP,client_browser,web_server,DELETE /contact,75.60499999999996,16427,80
764,HTTP,client_browser,web_server,GET /cart,75.71799999999996,64209,80
765,HTTP,client_browser,web_server,PUT /api/data,75.80799999999996,65454,80
766,HTTP,client_browser,web_server,PUT /cart,75.95799999999997,56641,80
767,HTTP,client_browser,web_server,POST /api/data,76.07999999999997,16597,80
768,HTTP,client_browser,web_server,DELETE /products,76.22499999999997,58933,80
769,HTTP,client_browser,web_server,PUT /api/data,76.23399999999997,65021,80
770,HTTP,client_browser,web_server,POST /products,76.35399999999997,2309,80
771,HTTP,client_browser,web_server,DELETE /contact,76.42199999999997,35262,80
772,HTTP,client_browser,web_server,DELETE /images/logo.png,76.62099999999997,22657,80
773,HTTP,client_browser,web_server,DELETE /cart,76.70699999999997,3658,80
774,HTTP,client_browser,web_server,PUT /about,76.87899999999996,8286,80
775,HTTP,client_browser,web_server,DELETE /images/logo.png,77.06399999999996,43942,80
776,HTTP,client_browser,web_server,GET /cart,77.19199999999996,56697,80
777,HTTP,client_browser,web_server,POST /images/logo.png,77.25799999999997,65236,80
778,HTTP,client_browser,web_server,DELETE /index.html,77.33599999999997,2122,80
779,HTTP,client_browser,web_server,PUT /cart,77.41999999999997,13820,80
780,HTTP,client_browser,web_server,DELETE /login,77.45399999999998,59189,80
781,HTTP,client_browser,web_server,POST /images/logo.png,77.50499999999998,32079,80
782,HTTP,client_browser,web_server,PUT /login,77.55199999999998,41267,80
783,HTTP,client_browser,web_server,PUT /images/logo.png,77.65299999999998,28160,80
784,HTTP,client_browser,web_server,DELETE /contact,77.65699999999998,35397,80
785,HTTP,client_browser,web_server,PUT /api/data,77.76199999999999,57032,80
786,HTTP,client_browser,web_server,PUT /contact,77.90499999999999,43340,80
787,HTTP,client_browser,web_server,POST /images/logo.png,77.97299999999998,22214,80
788,HTTP,client_browser,web_server,DELETE /about,78.02899999999998,22994,80
789,HTTP,client_browser,web_server,DELETE /about,78.11499999999998,8534,80
790,HTTP,client_browser,web_server,GET /login,78.18899999999998,59812,80
791,HTTP,client_browser,web_server,GET /images/logo.png,78.37699999999998,54152,80
792,HTTP,client_browser,web_server,PUT /login,78.51699999999998,6193,80
793,HTTP,client_browser,web_server,PUT /index.html,78.70499999999998,55712,80
794,HTTP,client_browser,web_server,PUT /login,78.85199999999999,44090,80
795,HTTP,client_browser,web_server,GET /products,78.895,8906,80
796,HTTP,client_browser,web_server,DELETE /contact,78.997,24857,80
797,HTTP,client_browser,web_server,GET /api/data,79.156,12644,80
798,HTTP,client_browser,web_server,PUT /login,79.238,34873,80
799,HTTP,client_browser,web_server,DELETE /api/data,79.29,3358,80
800,HTTP,client_browser,web_server,GET /login,79.30900000000001,53055,80
801,HTTP,client_browser,web_server,POST /products,79.43900000000001,7130,80
802,HTTP,client_browser,web_server,POST /cart,79.549,11381,80
803,HTTP,client_browser,web_server,DELETE /cart,79.712,20913,80
804,HTTP,client_browser,web_server,DELETE /cart,79.884,21798,80
805,HTTP,client_browser,web_server,PUT /cart,79.941,61666,80
806,HTTP,client_browser,web_server,GET /login,80.117,2803,80
807,HTTP,client_browser,web_server,PUT /api/data,80.253,50832,80
808,HTTP,client_browser,web_server,PUT /about,80.421,13371,80
809,HTTP,client_browser,web_server,GET /about,80.60400000000001,57622,80
810,HTTP,client_browser,web_server,POST /cart,80.73300000000002,45814,80
811,HTTP,client_browser,web_server,PUT /products,80.89900000000002,51114,80
812,HTTP,client_browser,web_server,GET /products,80.92500000000001,52896,80
813,HTTP,client_browser,web_server,POST /contact,81.03200000000001,64006,80
814,HTTP,client_browser,web_server,PUT /contact,81.19600000000001,58994,80
815,HTTP,client_browser,web_server,GET /index.html,81.20000000000002,25166,80
816,HTTP,client_browser,web_server,DELETE /images/logo.png,81.20700000000002,36440,80
817,HTTP,client_browser,web_server,POST /api/data,81.36200000000002,35722,80
818,HTTP,client_browser,web_server,GET /products,81.44500000000002,47831,80
819,HTTP,client_browser,web_server,PUT /contact,81.53600000000002,6664,80
820,HTTP,client_browser,web_server,GET /contact,81.56000000000002,29901,80
821,HTTP,client_browser,web_server,GET /about,81.62800000000001,25470,80
822,HTTP,client_browser,web_server,GET /index.html,81.79100000000001,11992,80
823,HTTP,client_browser,web_server,POST /products,81.81900000000002,18124,80
824,HTTP,client_browser,web_server,DELETE /products,81.94100000000002,55257,80
825,HTTP,client_browser,web_server,DELETE /products,82.08200000000002,40338,80
826,HTTP,client_browser,web_server,DELETE /images/logo.png,82.24100000000003,63181,80
827,HTTP,client_browser,web_server,PUT /cart,82.30900000000003,34560,80
828,HTTP,client_browser,web_server,DELETE /contact,82.46400000000003,28173,80
829,HTTP,client_browser,web_server,POST /products,82.57000000000002,42512,80
830,HTTP,client_browser,web_server,DELETE /images/logo.png,82.74900000000002,48792,80
831,HTTP,client_browser,web_server,POST /index.html,82.94200000000002,37990,80
832,HTTP,client_browser,web_server,DELETE /about,83.06000000000002,62873,80
833,HTTP,client_browser,web_server,DELETE /about,83.06700000000002,48647,80
834,HTTP,client_browser,web_server,DELETE /api/data,83.24900000000002,49442,80
835,HTTP,client_browser,web_server,PUT /cart,83.42500000000003,51647,80
836,HTTP,client_browser,web_server,GET /contact,83.54400000000003,35081,80
837,HTTP,client_browser,web_server,DELETE /about,83.55600000000003,54123,80
838,HTTP,client_browser,web_server,POST /contact,83.74400000000003,20561,80
839,HTTP,client_browser,web_server,GET /api/data,83.87400000000002,43162,80
840,HTTP,client_browser,web_server,PUT /login,84.00600000000003,31738,80
841,HTTP,client_browser,web_server,DELETE /index.html,84.02500000000003,12013,80
842,HTTP,client_browser,web_server,PUT /products,84.03000000000003,63536,80
843,HTTP,client_browser,web_server,GET /api/data,84.10700000000003,6295,80
844,HTTP,client_browser,web_server,GET /index.html,84.16800000000003,34286,80
845,HTTP,client_browser,web_server,GET /contact,84.26700000000004,4770,80
846,HTTP,client_browser,web_server,POST /login,84.35800000000003,6930,80
847,HTTP,client_browser,web_server,POST /cart,84.37200000000003,39791,80
848,HTTP,client_browser,web_server,POST /images/logo.png,84.41600000000003,29710,80
849,HTTP,client_browser,web_server,POST /about,84.49100000000003,55710,80
850,HTTP,client_browser,web_server,PUT /index.html,84.51700000000002,25956,80
851,HTTP,client_browser,web_server,DELETE /index.html,84.65500000000003,51483,80
852,HTTP,client_browser,web_server,GET /cart,84.81200000000003,2542,80
853,HTTP,client_browser,web_server,PUT /images/logo.png,84.83200000000002,58092,80
854,HTTP,client_browser,web_server,GET /contact,84.90700000000002,53937,80
855,HTTP,client_browser,web_server,PUT /api/data,84.91000000000003,7611,80
856,HTTP,client_browser,web_server,PUT /cart,84.99100000000003,19898,80
857,HTTP,client_browser,web_server,PUT /contact,85.16100000000003,30382,80
858,HTTP,client_browser,web_server,PUT /images/logo.png,85.27500000000003,36806,80
859,HTTP,client_browser,web_server,POST /products,85.45600000000003,54892,80
860,HTTP,client_browser,web_server,GET /about,85.63300000000004,52774,80
861,HTTP,client_browser,web_server,GET /about,85.77700000000004,61811,80
862,HTTP,client_browser,web_server,POST /api/data,85.80300000000004,45936,80
863,HTTP,client_browser,web_server,DELETE /login,85.95700000000004,61799,80
864,HTTP,client_browser,web_server,DELETE /products,86.07900000000004,32321,80
865,HTTP,client_browser,web_server,POST /products,86.17100000000003,26224,80
866,HTTP,client_browser,web_server,GET /contact,86.31400000000004,14846,80
867,HTTP,client_browser,web_server,POST /index.html,86.34600000000003,56773,80
868,HTTP,client_browser,web_server,POST /api/data,86.43400000000003,52891,80
869,HTTP,client_browser,web_server,DELETE /contact,86.61200000000002,50256,80
870,HTTP,client_browser,web_server,PUT /cart,86.76500000000003,18863,80
871,HTTP,client_browser,web_server,GET /cart,86.83700000000003,28470,80
872,HTTP,client_browser,web_server,GET /images/logo.png,86.85400000000003,34557,80
873,HTTP,client_browser,web_server,PUT /products,86.91800000000002,19918,80
874,HTTP,client_browser,web_server,PUT /api/data,87.06200000000003,40812,80
875,HTTP,client_browser,web_server,DELETE /cart,87.25700000000002,49349,80
876,HTTP,client_browser,web_server,PUT /login,87.43100000000003,17564,80
877,HTTP,client_browser,web_server,DELETE /index.html,87.50500000000002,61718,80
878,HTTP,client_browser,web_server,POST /api/data,87.56700000000002,38780,80
879,HTTP,client_browser,web_server,PUT /images/logo.png,87.65400000000002,14221,80
880,HTTP,client_browser,web_server,PUT /contact,87.77000000000002,36357,80
881,HTTP,client_browser,web_server,POST /contact,87.94300000000003,55104,80
882,HTTP,client_browser,web_server,POST /login,88.02800000000002,44877,80
883,HTTP,client_browser,web_server,DELETE /index.html,88.09100000000002,52610,80
884,HTTP,client_browser,web_server,POST /products,88.26600000000002,65143,80
885,HTTP,client_browser,web_server,PUT /api/data,88.38600000000002,54112,80
886,HTTP,client_browser,web_server,GET /about,88.49400000000003,56367,80
887,HTTP,client_browser,web_server,PUT /images/logo.png,88.51100000000002,10147,80
888,HTTP,client_browser,web_server,POST /products,88.55900000000003,28351,80
889,HTTP,client_browser,web_server,GET /index.html,88.75400000000002,32766,80
890,HTTP,client_browser,web_server,POST /api/data,88.92800000000003,22963,80
891,HTTP,client_browser,web_server,POST /contact,88.98900000000003,1073,80
892,HTTP,client_browser,web_server,POST /login,89.00600000000003,6166,80
893,HTTP,client_browser,web_server,POST /cart,89.02200000000003,19361,80
894,HTTP,client_browser,web_server,DELETE /login,89.11800000000004,11763,80
895,HTTP,client_browser,web_server,DELETE /api/data,89.30700000000003,45283,80
896,HTTP,client_browser,web_server,POST /images/logo.png,89.46200000000003,48430,80
897,HTTP,client_browser,web_server,GET /index.html,89.65000000000003,65029,80
898,HTTP,client_browser,web_server,POST /api/data,89.80100000000003,63386,80
899,HTTP,client_browser,web_server,DELETE /images/logo.png,89.89300000000003,27818,80
900,HTTP,client_browser,web_server,DELETE /index.html,90.03100000000003,3409,80
901,HTTP,client_browser,web_server,DELETE /login,90.04200000000003,19878,80
902,HTTP,client_browser,web_server,PUT /api/data,90.06900000000003,52792,80
903,HTTP,client_browser,web_server,DELETE /cart,90.12700000000004,23618,80
904,HTTP,client_browser,web_server,PUT /about,90.30700000000004,7691,80
905,HTTP,client_browser,web_server,POST /images/logo.png,90.40000000000005,59682,80
906,HTTP,client_browser,web_server,PUT /login,90.54100000000005,64320,80
907,HTTP,client_browser,web_server,PUT /cart,90.55000000000005,41873,80
908,HTTP,client_browser,web_server,POST /contact,90.58900000000006,33905,80
909,HTTP,client_browser,web_server,PUT /products,90.72400000000006,7998,80
910,HTTP,client_browser,web_server,PUT /api/data,90.92200000000005,8599,80
911,HTTP,client_browser,web_server,POST /index.html,90.99000000000005,41342,80
912,HTTP,client_browser,web_server,DELETE /index.html,91.18600000000005,38583,80
913,HTTP,client_browser,web_server,GET /about,91.27800000000005,1679,80
914,HTTP,client_browser,web_server,GET /about,91.43100000000005,12725,80
915,HTTP,client_browser,web_server,GET /index.html,91.56000000000006,44114,80
916,HTTP,client_browser,web_server,PUT /api/data,91.57900000000006,23335,80
917,HTTP,client_browser,web_server,POST /cart,91.69400000000006,58917,80
918,HTTP,client_browser,web_server,PUT /contact,91.78900000000006,11860,80
919,HTTP,client_browser,web_server,POST /images/logo.png,91.79100000000005,2084,80
920,HTTP,client_browser,web_server,POST /login,91.89800000000005,11497,80
921,HTTP,client_browser,web_server,GET /products,92.08100000000006,27136,80
922,HTTP,client_browser,web_server,POST /images/logo.png,92.11300000000006,28126,80
923,HTTP,client_browser,web_server,POST /cart,92.21800000000006,12509,80
924,HTTP,client_browser,web_server,POST /cart,92.25800000000007,59485,80
925,HTTP,client_browser,web_server,POST /products,92.36900000000007,8649,80
926,HTTP,client_browser,web_server,DELETE /api/data,92.49700000000007,57086,80
927,HTTP,client_browser,web_server,DELETE /cart,92.60800000000008,10695,80
928,HTTP,client_browser,web_server,PUT /images/logo.png,92.74000000000008,27301,80
929,HTTP,client_browser,web_server,DELETE /index.html,92.76200000000009,61975,80
930,HTTP,client_browser,web_server,DELETE /api/data,92.83100000000009,53441,80
931,HTTP,client_browser,web_server,PUT /products,92.9600000000001,3491,80
932,HTTP,client_browser,web_server,POST /api/data,93.1310000000001,17625,80
933,HTTP,client_browser,web_server,DELETE /about,93.2460000000001,9512,80
934,HTTP,client_browser,web_server,DELETE /products,93.25700000000009,61406,80
935,HTTP,client_browser,web_server,POST /about,93.26800000000009,13967,80
936,HTTP,client_browser,web_server,DELETE /about,93.39800000000008,60743,80
937,HTTP,client_browser,web_server,POST /index.html,93.57500000000009,23815,80
938,HTTP,client_browser,web_server,PUT /cart,93.59600000000009,32790,80
939,HTTP,client_browser,web_server,PUT /images/logo.png,93.67300000000009,46275,80
940,HTTP,client_browser,web_server,DELETE /contact,93.84300000000009,32685,80
941,HTTP,client_browser,web_server,GET /api/data,93.94400000000009,35742,80
942,HTTP,client_browser,web_server,DELETE /products,93.99800000000009,33365,80
943,HTTP,client_browser,web_server,DELETE /contact,94.13800000000009,6622,80
944,HTTP,client_browser,web_server,PUT /images/logo.png,94.1930000000001,13440,80
945,HTTP,client_browser,web_server,DELETE /products,94.3700000000001,8255,80
946,HTTP,client_browser,web_server,PUT /cart,94.5010000000001,36320,80
947,HTTP,client_browser,web_server,PUT /cart,94.6620000000001,20049,80
948,HTTP,client_browser,web_server,DELETE /contact,94.8010000000001,6602,80
949,HTTP,client_browser,web_server,GET /api/data,95.0010000000001,60359,80
950,HTTP,client_browser,web_server,PUT /index.html,95.0420000000001,7134,80
951,HTTP,client_browser,web_server,PUT /cart,95.0590000000001,47150,80
952,HTTP,client_browser,web_server,PUT /api/data,95.2040000000001,48396,80
953,HTTP,client_browser,web_server,GET /login,95.28900000000009,56607,80
954,HTTP,client_browser,web_server,GET /api/data,95.41500000000009,4018,80
955,HTTP,client_browser,web_server,DELETE /index.html,95.53300000000009,1900,80
956,HTTP,client_browser,web_server,GET /login,95.70000000000009,27377,80
957,HTTP,client_browser,web_server,DELETE /login,95.87000000000009,38894,80
958,HTTP,client_browser,web_server,PUT /contact,96.06300000000009,40729,80
959,HTTP,client_browser,web_server,DELETE /api/data,96.19800000000009,63057,80
960,HTTP,client_browser,web_server,POST /products,96.2050000000001,21295,80
961,HTTP,client_browser,web_server,DELETE /cart,96.3830000000001,32463,80
962,HTTP,client_browser,web_server,GET /products,96.47400000000009,62801,80
963,HTTP,client_browser,web_server,GET /index.html,96.54500000000009,55270,80
964,HTTP,client_browser,web_server,POST /about,96.5820000000001,20895,80
965,HTTP,client_browser,web_server,POST /cart,96.5940000000001,3753,80
966,HTTP,client_browser,web_server,GET /images/logo.png,96.6360000000001,13261,80
967,HTTP,client_browser,web_server,PUT /images/logo.png,96.7280000000001,27366,80
968,HTTP,client_browser,web_server,POST /index.html,96.8290000000001,63079,80
969,HTTP,client_browser,web_server,GET /about,96.98300000000009,29680,80
970,HTTP,client_browser,web_server,DELETE /about,97.00700000000009,41572,80
971,HTTP,client_browser,web_server,PUT /api/data,97.1030000000001,9355,80
972,HTTP,client_browser,web_server,PUT /about,97.2650000000001,37054,80
973,HTTP,client_browser,web_server,GET /images/logo.png,97.3810000000001,38080,80
974,HTTP,client_browser,web_server,GET /api/data,97.5240000000001,34552,80
975,HTTP,client_browser,web_server,GET /api/data,97.71000000000011,32182,80
976,HTTP,client_browser,web_server,PUT /contact,97.8310000000001,23087,80
977,HTTP,client_browser,web_server,GET /api/data,97.9090000000001,13252,80
978,HTTP,client_browser,web_server,PUT /products,98.0900000000001,29399,80
979,HTTP,client_browser,web_server,GET /api/data,98.2300000000001,18887,80
980,HTTP,client_browser,web_server,DELETE /api/data,98.3300000000001,62341,80
981,HTTP,client_browser,web_server,DELETE /images/logo.png,98.3690000000001,61061,80
982,HTTP,client_browser,web_server,PUT /api/data,98.5680000000001,63453,80
983,HTTP,client_browser,web_server,DELETE /about,98.6880000000001,19311,80
984,HTTP,client_browser,web_server,PUT /login,98.8660000000001,44285,80
985,HTTP,client_browser,web_server,POST /api/data,99.0130000000001,41804,80
986,HTTP,client_browser,web_server,GET /images/logo.png,99.0770000000001,37859,80
987,HTTP,client_browser,web_server,GET /images/logo.png,99.18600000000009,43524,80
988,HTTP,client_browser,web_server,PUT /api/data,99.2430000000001,56419,80
989,HTTP,client_browser,web_server,GET /images/logo.png,99.4010000000001,49629,80
990,HTTP,client_browser,web_server,GET /products,99.5050000000001,34336,80
991,HTTP,client_browser,web_server,DELETE /products,99.6510000000001,7884,80
992,HTTP,client_browser,web_server,PUT /cart,99.7800000000001,42549,80
993,HTTP,client_browser,web_server,PUT /contact,99.8720000000001,24717,80
994,HTTP,client_browser,web_server,PUT /about,100.0020000000001,3702,80
995,HTTP,client_browser,web_server,DELETE /images/logo.png,100.1160000000001,9620,80
996,HTTP,client_browser,web_server,PUT /api/data,100.1560000000001,48693,80
997,HTTP,client_browser,web_server,PUT /images/logo.png,100.1590000000001,48763,80
998,HTTP,client_browser,web_server,PUT /login,100.23400000000011,57229,80
999,HTTP,client_browser,web_server,PUT /cart,100.33000000000011,15266,80
1000,HTTP,client_browser,web_server,GET /products,100.40500000000011,3811,80
